<?xml version="1.0" encoding="UTF-8"?>
<Configuration>
    <Appenders>
        <File name="file" fileName="fms.log">
            <PatternLayout>
                <Pattern>%d %p %c{1.} [%t] %m %ex%n</Pattern>
            </PatternLayout>
        </File>
        <Console name="STDERR" target="SYSTEM_ERR">
            <PatternLayout>
                <Pattern>%d %p %c{1.} [%t] %m %ex%n</Pattern>
            </PatternLayout>
        </Console>
    </Appenders>
    <Loggers>
        <Root level="ERROR">
            <AppenderRef ref="file" level="INFO"/>
            <AppenderRef ref="STDERR" level="ERROR"/>
        </Root>

        <Logger name="fr.inria.spirals.fm" level="INFO">
            <AppenderRef ref="file"/>
        </Logger>

        <!--<Logger name="org.chocosolver" level="DEBUG">-->
            <!--<AppenderRef ref="file"/>-->
        <!--</Logger>-->
    </Loggers>
</Configuration>
